draw_angle,projectile,rubber_bands
73.65688991782382,whiffle,3.0
23.76227865874715,whiffle,2.0
84.16730022516124,pingpong,2.0
69.70041178885563,whiffle,1.0
131.27647936767178,pingpong,1.0
132.7582938097111,pingpong,3.0
