draw_angle,projectile,rubber_bands
172.57428234730565,pingpong,1.0
155.15215286658818,pingpong,3.0
142.5393658894796,whiffle,1.0
44.155261990227196,whiffle,1.0
64.42409562182873,pingpong,2.0
7.006760208339413,pingpong,3.0
